FQrw8s6S8Tk,data2,Гуманитарные науки,20151010,20151010
scbnTECbVYb,data2,Естественные науки,20151010,20151010
rNNd3egVj6U,data2,Медицинские дисциплины,20151010,20151010
Qzz87sQwbbU,data2,Технические науки,20151010,20151010
oJDb1KkbkcE,data2,Экономические науки,20151010,20151010
bzRupn7kGec,data2,Юридические дисциплины,20151010,20151010
blcR2bzdgWb,BkVeuEqxYbQ,Микробиология,20151010,20151010
j2bGfJbn9lb,BkVeuEqxYbQ,Общая биология,20151010,20151010
pBy24CkhUGo,Qzz87sQwbbU,Гидравлика,20151010,20151010
cHxwAL5gfb4,Qzz87sQwbbU,Информатика и информационные технологии,20151010,20151010
nBUufUgkWGU,Qzz87sQwbbU,МСС,20151010,20151010
QbGbxergqXw,Qzz87sQwbbU,Приборостроение и Электроника,20151010,20151010
G2PHCfLUCbE,Qzz87sQwbbU,Теплотехника,20151010,20151010
xvgfYzb6XnY,77tSb7o3lH8,Аграрное право,20151010,20151010
CjQ2gDQ5Tgs,77tSb7o3lH8,Административное право,20151010,20151010
ntgWDbEbVBA,77tSb7o3lH8,Бюджетное право,20151010,20151010
DkHopLcTRRA,77tSb7o3lH8,Гражданское процессуальное право,20151010,20151010
l72qdqXdygb,77tSb7o3lH8,Жилищное право,20151010,20151010
9cba8XVXMqo,77tSb7o3lH8,Коммерческое право,20151010,20151010
AzQVaAqDtfb,77tSb7o3lH8,Конституционное право зарубежных стран,20151010,20151010
Shq7rBH54uw,77tSb7o3lH8,Корпоративное право,20151010,20151010
fSJQtE5bWpM,77tSb7o3lH8,Международное право,20151010,20151010
7wRzwUcqb5Y,77tSb7o3lH8,Международное частное право,20151010,20151010
gGXc1CZRfxU,77tSb7o3lH8,Правоведение,20151010,20151010
bPk7SbXkZeY,77tSb7o3lH8,Семейное право,20151010,20151010
mAP6WWbutbA,77tSb7o3lH8,Страховое право,20151010,20151010
GmPenzuubjQ,77tSb7o3lH8,Таможенное право,20151010,20151010
tb6Q8sxr68E,77tSb7o3lH8,Уголовно-процессуальное право,20151010,20151010
jym9NykbxnM,77tSb7o3lH8,Уголовное право общая часть,20151010,20151010
xbCmoQHBCgA,77tSb7o3lH8,Уголовное право особенная часть,20151010,20151010
n4msxELby5Y,77tSb7o3lH8,Экологическое право,20151010,20151010
byvblVbq4Xc,buDsrv195Xo,История Мордовии,20151010,20151010
He9lVhSwb8o,buDsrv195Xo,История России,20151010,20151010
Lbbspg2frP8,buDsrv195Xo,История США,20151010,20151010
67JbFbKc7bw,buDsrv195Xo,История Украины,20151010,20151010
R9W4STaztyU,buDsrv195Xo,История государства и права России,20151010,20151010
tbAunSAorzY,buDsrv195Xo,История и теория религий,20151010,20151010
CxqbbFstF1o,buDsrv195Xo,История мировой и отечественной культуры,20151010,20151010
1vPnp2bcabc,buDsrv195Xo,История мировых религий,20151010,20151010
vzbvkbEJmX4,buDsrv195Xo,Отечественная историография,20151010,20151010
DUJCyA5b1H8,obEK1dbYkeY,История психологии,20151010,20151010
vkgNlLgbcDA,obEK1dbYkeY,Общая психология,20151010,20151010
Qr7GlZbbgQw,obEK1dbYkeY,Психодиагностика,20151010,20151010
afo7B9bVblQ,obEK1dbYkeY,Психология,20151010,20151010
ygeLsXmtMRY,obEK1dbYkeY,Психология личности,20151010,20151010
PmFpCYLv8S4,obEK1dbYkeY,Психология труда,20151010,20151010
uf6JVJqTbbc,obEK1dbYkeY,Социальная психология,20151010,20151010
cKw87ponQbg,dPyjkgpX8Gg,Логика,20151010,20151010
DZbuuv3mz8o,dPyjkgpX8Gg,Ответы к экзамену по философии,20151010,20151010
1bnGKnGyN54,dPyjkgpX8Gg,Социальная философия,20151010,20151010
w6GebbhbbQb,dPyjkgpX8Gg,Эстетика,20151010,20151010
tpQb431d68b,LPRbgbAneLY,Менеджмент,20151010,20151010
SJ88poPdfMb,LPRbgbAneLY,Теория организации,20151010,20151010
A9qt7ToSTbk,LPRbgbAneLY,Управление персоналом,20151010,20151010
KBveyYtCHNE,TP7zrKGmjvb,Адвокатура и нотариат,20151010,20151010
bnobaj4pLpo,wauUr4Cf3yb,Экономическая география России,20151010,20151010
MmCeAr7pX38,wV67dzbbjF4,Педагогика,20151010,20151010
uGZs7v5X5ls,wV67dzbbjF4,Теория и методика воспитания,20151010,20151010
t9bd7dhY1KA,wV67dzbbjF4,Теория обучения,20151010,20151010
yqopbgmkhRM,rNNd3egVj6U,Акушерство и гинекология,20151010,20151010
8PhlN1kv1bA,rNNd3egVj6U,Английский язык для медиков,20151010,20151010
d5R2dnlAbLg,rNNd3egVj6U,Анестезиология и реаниматология,20151010,20151010
HdEWbuJjoeY,rNNd3egVj6U,Ветеринария,20151010,20151010
RsvRbb7ZXyb,rNNd3egVj6U,Внутренние болезни,20151010,20151010
ubKbbl23lzo,rNNd3egVj6U,Возрастная анатомия и физиология,20151010,20151010
bBAMJ3waq7b,rNNd3egVj6U,Гистология,20151010,20151010
ScbFfawvwro,rNNd3egVj6U,Глазные болезни,20151010,20151010
bY2fDAvZVbb,rNNd3egVj6U,Госпитальная терапия,20151010,20151010
AHVge9tTk1k,rNNd3egVj6U,Дерматовенерология,20151010,20151010
aHasrRpFbgY,rNNd3egVj6U,Детская хирургия,20151010,20151010
NqsNt1bbS8U,rNNd3egVj6U,Инфекционные заболевания,20151010,20151010
HnbpCSbgw2o,rNNd3egVj6U,История медицины,20151010,20151010
4CtbMbz4fJb,rNNd3egVj6U,Латинский язык для медиков,20151010,20151010
bVRYQqbW5LU,rNNd3egVj6U,Лор-заболевания,20151010,20151010
UbCTZUUKBTU,rNNd3egVj6U,Медицинская статистика,20151010,20151010
9d8ooCeSb1E,rNNd3egVj6U,Медицинская физика,20151010,20151010
huuABKPWFD8,rNNd3egVj6U,Нервные болезни,20151010,20151010
QLc5xPsyZDA,rNNd3egVj6U,Нормальная анатомия человека,20151010,20151010
95Bny1fblrb,rNNd3egVj6U,Нормальная физиология,20151010,20151010
RqbKjnv2sZb,rNNd3egVj6U,Общая гигиена,20151010,20151010
bnAeyCAhk6E,rNNd3egVj6U,Общая и клиническая иммунология,20151010,20151010
k8FSjSbzQpw,rNNd3egVj6U,Общая хирургия,20151010,20151010
blbRvSnbQ2b,rNNd3egVj6U,Патологическая анатомия,20151010,20151010
SXrs4Zp28dg,rNNd3egVj6U,Патологическая физиология,20151010,20151010
UvjW4VADFHE,rNNd3egVj6U,Поликлиническая педиатрия,20151010,20151010
n5Zo3GAFEfY,rNNd3egVj6U,Пропедевтика внутренних болезней,20151010,20151010
hP4Y6RJ9Gw4,rNNd3egVj6U,Пропедевтика детских болезней,20151010,20151010
FPZBbjXb3Rb,rNNd3egVj6U,Психиатрия,20151010,20151010
B87v7bnBb8w,rNNd3egVj6U,Стоматология,20151010,20151010
r5WXcNmn5bb,rNNd3egVj6U,Судебная медицина,20151010,20151010
dXCQx1w3jlg,rNNd3egVj6U,Травматология и ортопедия,20151010,20151010
8kDN4KUDVbb,DpGVWPQn4Wk,Антикризисное управление,20151010,20151010
Yyhuv9aKeQM,DpGVWPQn4Wk,Бизнес-планирование,20151010,20151010
PoxGeLNH2mk,DpGVWPQn4Wk,Бюджетная система РФ,20151010,20151010
U5T6456Jqto,DpGVWPQn4Wk,Государственное и муниципальное управление,20151010,20151010
bF1NQvcdMbo,DpGVWPQn4Wk,Государственные и муниципальные финансы,20151010,20151010
MbgoYPvZAsb,DpGVWPQn4Wk,Инвестиции,20151010,20151010
DxlkbL4wmPM,DpGVWPQn4Wk,Коммерческая деятельность,20151010,20151010
Aqdz5Vx89ac,DpGVWPQn4Wk,Международные экономические отношения,20151010,20151010
uflnqj7Wku8,DpGVWPQn4Wk,Национальная экономика,20151010,20151010
hFrvjWuGX6k,DpGVWPQn4Wk,Теория статистики,20151010,20151010
LEtDa6hoDbk,DpGVWPQn4Wk,Финансовая статистика,20151010,20151010
2hzbXtgo5HY,DpGVWPQn4Wk,Финансы,20151010,20151010
um11NamSJcU,DpGVWPQn4Wk,Экономика предприятия,20151010,20151010
32t333XCrab,DpGVWPQn4Wk,Экономическая география,20151010,20151010
E8bbLHpzoxb,DpGVWPQn4Wk,Экономическая статистика,20151010,20151010
syRbQpAZbnQ,DpGVWPQn4Wk,Экономический анализ,20151010,20151010
osrolbNbuNU,LnWjtCKUX3w, Истории социологии,20151010,20151010
pbYJbH1cEk4,LnWjtCKUX3w,Cоциология здоровья,20151010,20151010
7gjktXBkx6A,LnWjtCKUX3w,Методика социальных исследований,20151010,20151010
FXbv5LDH7WA,LnWjtCKUX3w,Общая социология,20151010,20151010
yEhdMXyPzug,LnWjtCKUX3w,Ответы к экзамену по социологии религии ,20151010,20151010
blbubCQ47Zo,LnWjtCKUX3w,Социология культуры,20151010,20151010
9rqRztVnoLw,LnWjtCKUX3w,Шпаргалки к экзамену по этносоциологии ,20151010,20151010
fT1CyPFJ3Kc,v3QqAP7nmZc,История культуры,20151010,20151010
bjWRYrNyno4,v3QqAP7nmZc,Этика,20151010,20151010
dLKYGf6SEkb,oJDb1KkbkcE,Логистика,20151010,20151010
GlR3AYcbqbb,oJDb1KkbkcE,Планирование на предприятии,20151010,20151010
DpGVWPQn4Wk,oJDb1KkbkcE,Экономика и Финансы,20151010,20151010
sz1xLvA2bCc,QbGbxergqXw,Приборостроение,20151010,20151010
hWw5aNnRr2U,QbGbxergqXw,Радиопротиводействие и помехозащищенность,20151010,20151010
ZSmzvpURWnA,FQrw8s6S8Tk,БЖД,20151010,20151010
buDsrv195Xo,FQrw8s6S8Tk,История,20151010,20151010
fLsS34uPzPU,FQrw8s6S8Tk,Концепции современного естествознания,20151010,20151010
v3QqAP7nmZc,FQrw8s6S8Tk,Культурология,20151010,20151010
mGzXggDumSc,FQrw8s6S8Tk,Маркетинг,20151010,20151010
LPRbgbAneLY,FQrw8s6S8Tk,Менеджмент,20151010,20151010
wV67dzbbjF4,FQrw8s6S8Tk,Педагогика,20151010,20151010
PaTrxRsM8o8,FQrw8s6S8Tk,Политические дисциплины,20151010,20151010
obEK1dbYkeY,FQrw8s6S8Tk,Психология,20151010,20151010
yyFcbGESNdE,FQrw8s6S8Tk,Риторика,20151010,20151010
RkkbbZLoFpY,FQrw8s6S8Tk,Русский язык и культура речи,20151010,20151010
LnWjtCKUX3w,FQrw8s6S8Tk,Социология,20151010,20151010
dPyjkgpX8Gg,FQrw8s6S8Tk,Философия,20151010,20151010
trdmjMMHeK4,PaTrxRsM8o8,Политология,20151010,20151010
77tSb7o3lH8,bzRupn7kGec,Право,20151010,20151010
FZ4QsPsbkqo,bzRupn7kGec,Прокуратура и прокурорский надзор,20151010,20151010
VxfFlWs9RmM,bzRupn7kGec,Страхование,20151010,20151010
b2Wb5gfPYmg,bzRupn7kGec,Тактика и методика расследования преступлений,20151010,20151010
TP7zrKGmjvb,bzRupn7kGec,Юриспруденция,20151010,20151010
BkVeuEqxYbQ,scbnTECbVYb,Биология,20151010,20151010
wauUr4Cf3yb,scbnTECbVYb,География,20151010,20151010
Rgxb39TxqCc,scbnTECbVYb,Химия,20151010,20151010
xxedb2oxb4w,scbnTECbVYb,Экология,20151010,20151010
me2m4trXbcQ,Rgxb39TxqCc,Аналитическая химия,20151010,20151010
eQ5uyWfvVCA,Rgxb39TxqCc,Неорганическая химия,20151010,20151010
q3GwbWhPkzQ,Rgxb39TxqCc,Органическая химия,20151010,20151010
roq25QB8XDg,Rgxb39TxqCc,Физическая химия,20151010,20151010
nrStPGmpbbg,Rgxb39TxqCc,Электрохимия,20151010,20151010
DHdccyBHbPw,HdEWbuJjoeY,Общая ветеринария,20151010,20151010
