2a3e7baff08efe979237d435829f3f32,eng,"Порядок слов в утвердительном, вопросительном и отрицательном предложениях",2015-12-08,2015-12-08,"порядок слов в утвердительном, вопросительном и отрицательном предложениях"
3d0a11e527538761ae464c9a44517b09,eng,"Порядок слов в утвердительном, вопросительном, отрицательном предложениях. Упражнения",2015-12-08,2015-12-08,"порядок слов в утвердительном, вопросительном, отрицательном предложениях. упражнения"
43f3eea23e0cfaf5667d0683481769a6,eng,Побудительное предложение. Упражнения,2015-12-08,2015-12-08,побудительное предложение. упражнения
3b94555588712229a51b182d0c09f162,eng,Побудительные предложения,2015-12-08,2015-12-08,побудительные предложения
e6846618ef92d8e6401000f1f1e1b37e,eng,Безличные предложения,2015-12-08,2015-12-08,безличные предложения
fbbf3df19844b01a380889ec840c793a,eng,Безличные предложения. Упражнения,2015-12-08,2015-12-08,безличные предложения. упражнения
69614e4025ac59f4db348276ce94bf99,eng,Глагол to be,2015-12-08,2015-12-08,глагол to be
e39083a668236add3e26560bf550a39b,eng,Глагол to be. Упражнения,2015-12-08,2015-12-08,глагол to be. упражнения
6a0ab180268e9427ecca6afba72873c3,eng,Оборот there + to be,2015-12-08,2015-12-08,оборот there + to be
e20d35206df2adc35a8f3b5f0db2830d,eng,Оборот there+to be. Упражнения,2015-12-08,2015-12-08,оборот there+to be. упражнения
aa4f2fefcd51120ee6720c4c046f05f1,eng,Исчисляемые и неисчисляемые существительные,2015-12-08,2015-12-08,исчисляемые и неисчисляемые существительные
c55ca85bde1e8c6048638f613d604b10,eng,Исчисляемые и неисчисляемые существительные. Упражнения,2015-12-08,2015-12-08,исчисляемые и неисчисляемые существительные. упражнения
ffdd8daffd6d969fe848807606e115e8,eng,Притяжательные существительные,2015-12-08,2015-12-08,притяжательные существительные
dba9346a8a508192fb2eab46d5857d2b,eng,Притяжательные существительные. Упражнения,2015-12-08,2015-12-08,притяжательные существительные. упражнения
e8fca797cab68450938b2b2a4f4d2115,eng,Притяжательные местоимения,2015-12-08,2015-12-08,притяжательные местоимения
a656ea996372f262141a725f29aff35d,eng,Притяжательные местоимения. Упражнения,2015-12-08,2015-12-08,притяжательные местоимения. упражнения
fe595ab3dd69f29a26449aa65d5a3468,eng,"Местоимения much/many, little/few",2015-12-08,2015-12-08,"местоимения much/many, little/few"
cb989a0221e629527515e09da903b2cb,eng,"Местоимения much/many, little/few. Упражнения",2015-12-08,2015-12-08,"местоимения much/many, little/few. упражнения"
317b1af1ea749f10612852836557e19b,eng,"Указательные местоимения this/that, these/those",2015-12-08,2015-12-08,"указательные местоимения this/that, these/those"
3571b53288f883fbc86936a837e0a725,eng,"Указательные местоимения this/that, these/those. Упражнения",2015-12-08,2015-12-08,"указательные местоимения this/that, these/those. упражнения"
be6f106aefa60ad9c62e3d8263210f07,eng,"Неопределенные местоимения some, any, every, no и их производные",2015-12-08,2015-12-08,"неопределенные местоимения some, any, every, no и их производные"
ef60699433883ea8730625ed3ae89aa6,eng,"Неопределенные местоимения some, any, every, no и их производные. Упражнения",2015-12-08,2015-12-08,"неопределенные местоимения some, any, every, no и их производные. упражнения"
e80fb2f3586c4d7a17b74bb28a6529f2,eng,Числительные. Порядковые и количественные числительные,2015-12-08,2015-12-08,числительные. порядковые и количественные числительные
aaeb1835437f1c86f1aaf270e234ad2a,eng,Числительные. Порядковые и количественные числительные. Упражнения,2015-12-08,2015-12-08,числительные. порядковые и количественные числительные. упражнения
8bfd4be92fcfe389feb8c72696bc3f8b,eng,Прилагательное. Степени сравнения прилагательных,2015-12-08,2015-12-08,прилагательное. степени сравнения прилагательных
a870c9177419fcc43adfe3ed72a8061d,eng,Прилагательное. Степени сравнения прилагательных. Упражнения,2015-12-08,2015-12-08,прилагательное. степени сравнения прилагательных. упражнения
9183fd04df0a4a932e695d7b2ca1a0c8,eng,Модальные глаголы и их эквиваленты,2015-12-08,2015-12-08,модальные глаголы и их эквиваленты
dfee4f91c615aff58880dbf15d7d2959,eng,Модальные глаголы и их эквиваленты. Упражнения,2015-12-08,2015-12-08,модальные глаголы и их эквиваленты. упражнения
a224bfd871f04474314664a841cb0cca,eng,О курсе лекций по английскому,2015-12-08,2015-12-08,о курсе лекций по английскому
3c17472cf35c9da1e22d9d8c77b6753c,eng,Полный список лекций и упражнений по английскому языку,2015-12-08,2015-12-08,полный список лекций и упражнений по английскому языку
